<?xml version="1.0" encoding="UTF-8" standalone="yes"?>
<ns2:ExportManifest xmlns:ns2="http://www.pentaho.com/schema/">
    <ExportManifestInformation exportDate="10-01-2017 08:24:41 GMT+01:00" exportBy="admin" rootFolder="/home/admin/"/>
    <ExportManifestEntity path="prueba.wcdf">
        <ExportManifestProperty>
            <EntityMetaData name="prueba.wcdf" createdDate="2017-01-10T19:46:42.981+01:00" isFolder="false" path="prueba.wcdf" isHidden="false" locale="es_ES" description="prueba" title="prueba"/>
        </ExportManifestProperty>
        <ExportManifestProperty>
            <EntityAcl>
                <entriesInheriting>true</entriesInheriting>
                <owner>admin</owner>
                <ownerType>USER</ownerType>
            </EntityAcl>
        </ExportManifestProperty>
    </ExportManifestEntity>
</ns2:ExportManifest>
